12,6,2020-05-04T19:56:50+03:00,title,"Updatee title","Updateqwe title"
11,6,2020-05-04T19:56:44+03:00,title,"Update title","Updatee title"
10,6,2020-05-04T19:31:20+03:00,title,"Update2 title","Update title"
9,6,2020-05-04T19:29:48+03:00,title,"Update title","Update2 title"
8,6,2020-05-04T19:28:26+03:00,title,"Update166 title","Update title"
4,5,2020-05-04T19:21:10+03:00,title,"Update1 title","Update title"
3,5,2020-05-04T19:12:43+03:00,title,"Update title","Update1 title"
2,5,2020-05-04T17:25:28+03:00,title,"Update222 title","Update title"
1,5,2020-05-04T17:14:21+03:00,title,"Update title","Update222 title"
18,7,2020-04-25T15:50:38+03:00,title,"New title","Updateqwe title"
19,7,2020-04-25T15:50:38+03:00,status,draft,published
